<?xml version="1.0" encoding="utf-8" ?>
<ApplicationPackage SchemaVersion="1.0" AppVersion="1.0"
    ProductCode="{4340A91A-A0BB-48AA-8D61-1F94DD7880D5}"
    Name="karto"
>
 
 <CompanyDetails Name="zzz"  Email="alzslnc@gmail.com"/>
 
  <Components Description="Civil 2024+">
    <RuntimeRequirements OS="Win64" Platform="Civil3D" SeriesMin="24.3" SeriesMax="24.3"/>
    <ComponentEntry
      ModuleName="./Contents/KartoV2024.dll"
    />
  </Components>

  <Components Description="Civil 2025+">
    <RuntimeRequirements OS="Win64" Platform="Civil3D" SeriesMin="25.0"/>
    <ComponentEntry
      ModuleName="./Contents/KartoV2025.dll"
    />
  </Components>

  <Components Description="Civil 2023-">
    <RuntimeRequirements OS="Win64" Platform="Civil3D" SeriesMax="24.2"/>
    <ComponentEntry
      ModuleName="./Contents/Karto.dll"
    />
  </Components>
</ApplicationPackage>
