<?xml version="1.0" encoding="utf-8" ?>
<ApplicationPackage SchemaVersion="1.0" AppVersion="1.0"
    ProductCode="{30AD07B4-ED87-4D3C-8612-585305C01C6C}"
    Name="CivilLittleProgram"
>
 
  <CompanyDetails Name="zzz"  Email="alzslnc@gmail.com"/>
 
  <Components Description="Civil 2024+">
    <RuntimeRequirements OS="Win64" Platform="Civil3D" SeriesMin="24.3" SeriesMax="24.3"/>
    <ComponentEntry
      ModuleName="./Contents/CLPv2024.dll"
    />
  </Components>

  <Components Description="Civil 2025+">
    <RuntimeRequirements OS="Win64" Platform="Civil3D" SeriesMin="25.0"/>
    <ComponentEntry
      ModuleName="./Contents/CLPv2025.dll"
    />
  </Components>

  <Components Description="Civil 2023-">
    <RuntimeRequirements OS="Win64" Platform="Civil3D" SeriesMax="24.2"/>
    <ComponentEntry
      ModuleName="./Contents/CLPv2021.dll"
    />
  </Components>

</ApplicationPackage>
